{
    "A0bc": 7.38e5,
    "A0bt": 4.13e6,
    "A0bv": 1.44e4,
    "Ebc": 106.5e3,
    "Ebt": 112.7e3,
    "Ebv": 88.6e3,
    "Db": 0.1,
    "Dhpy": 64e3,
    "Dwo": 0.1042,
    "DH_R2": -74.8,
    "DH_R3": 206,
    "DH_R4": -41.2,
    "DH_R5": 172,
    "DH_R6": 131,
    "Gp": 50.0,
    "Gs":36.5,
    "L": 1.0,
    "Lb": 0.212,
    "Lu": 0.0,
    "Lsi": 0.22,
    "M_C": 12,
    "M_CH4": 16,
    "M_CO": 28,
    "M_CO2": 44,
    "M_H2": 2,
    "M_H2O": 18,
    "Mgin": 18,
    "N1": 50,
    "N2": 25,
    "N3": 25,
    "P": 1.013e5,
    "Pa": 1.013e5,
    "SB": 1.0,
    "Tg": 1100,
    "Tp": 1100,
    "Ts": 300,
    "Tam": 300,
    "Tgin": 1073,
    "Tsin": 300,
    "Uha": 0.018,
    "cf": 0.62,
    "cpp": 830,
    "cpw": 502,
    "db0": 6.0e-3,
    "dp": 6.15e-4,
    "e": 0.9,
    "ef0": 0.454,
    "emf": 0.454,
    "ep": 0.76,
    "es":0.95,
    "ew": 0.13,
    "gamp": 0.25,
    "gams": 0.425,
    "kp": 0.260,
    "ks": 0.25,
    "kw": 16,
    "lb": 1.33e-2,
    "ms_dot": 2.0,
    "mfg": 0.2,
    "n1": 1.4,
    "phi": 0.72,
    "rhob": 423,
    "rhobg": 0.15,
    "rhoc": 150,
    "rhop": 2650,
    "rhow": 7930,
    "rCH4": 0.08841,
    "rCO": 0.56333,
    "rCO2": 0.11093,
    "rH2": 0.01733,
    "tf": 10,
    "wa": 0.0041,
    "wc": 0.144,
    "wH2O": 0.062,
    "xw": 0.00211
}